# base_item_id	count_threshold	display_item_id
45	2	9199
45	3	9200
45	4	9201
45	5	9202
52	2	6440
52	3	6441
52	4	6442
52	5	6443
53	2	6444
53	3	6445
53	4	6446
53	5	6447
78	2	81
78	3	80
78	4	79
78	5	82
598	2	2542
598	3	2543
598	4	2544
598	5	2545
877	2	3807
877	3	3808
877	4	3809
877	5	3810
878	2	3811
878	3	3812
878	4	3813
878	5	3814
879	2	3815
879	3	3816
879	4	3817
879	5	3818
880	2	3819
880	3	3820
880	4	3821
880	5	3822
881	2	3823
881	3	3824
881	4	3825
881	5	3826
882	2	896
882	3	895
882	4	894
882	5	897
883	2	900
883	3	899
883	4	898
883	5	901
884	2	904
884	3	903
884	4	902
884	5	905
885	2	908
885	3	907
885	4	906
885	5	909
886	2	912
886	3	911
886	4	910
886	5	913
887	2	916
887	3	915
887	4	914
887	5	917
888	2	920
888	3	919
888	4	918
888	5	921
889	2	924
889	3	923
889	4	922
889	5	925
890	2	928
890	3	927
890	4	926
890	5	929
891	2	932
891	3	931
891	4	930
891	5	933
892	2	936
892	3	935
892	4	934
892	5	937
893	2	940
893	3	939
893	4	938
893	5	941
942	2	2546
942	3	2547
942	4	2548
942	5	2549
995	2	996
995	3	997
995	4	998
995	5	999
995	25	1000
995	100	1001
995	250	1002
995	1000	1003
995	10000	1004
1793	2	5276
1793	3	5277
1793	4	5278
1793	5	5279
2864	2	7923
2864	3	7924
2864	4	7925
2864	5	7926
2865	2	11160
2865	3	11161
2865	4	11162
2865	5	11163
2866	2	2870
2866	3	2869
2866	4	2868
2866	5	2867
4160	2	4175
4160	3	4174
4160	4	4173
4160	5	4172
4278	2	4279
4278	3	4281
4740	2	4741
4740	3	4742
4740	4	4743
4740	5	4744
4773	2	4774
4773	3	4775
4773	4	4776
4773	5	4777
4778	2	4779
4778	3	4780
4778	4	4781
4778	5	4782
4783	2	4784
4783	3	4785
4783	4	4786
4783	5	4787
4788	2	4789
4788	3	4790
4788	4	4791
4788	5	4792
4793	2	4794
4793	3	4795
4793	4	4796
4793	5	4797
4798	2	4799
4798	3	4800
4798	4	4801
4798	5	4802
4803	2	4804
4803	3	4805
4803	4	4806
4803	5	4807
5096	2	5131
5096	3	5132
5096	4	5133
5096	5	5134
5097	2	5135
5097	3	5136
5097	4	5137
5097	5	5138
5098	2	5196
5098	3	5197
5098	4	5198
5098	5	5199
5099	2	5200
5099	3	5201
5099	4	5202
5099	5	5203
5100	2	5268
5100	3	5269
5100	4	5270
5100	5	5271
5101	2	5204
5101	3	5205
5101	4	5206
5101	5	5207
5102	2	5208
5102	3	5209
5102	4	5210
5102	5	5211
5103	2	5212
5103	3	5213
5103	4	5214
5103	5	5215
5104	2	5216
5104	3	5217
5104	4	5218
5104	5	5219
5105	2	5220
5105	3	5221
5105	4	5222
5105	5	5223
5280	2	5264
5280	3	5265
5280	4	5266
5280	5	5267
5281	2	5272
5281	3	5273
5281	4	5274
5281	5	5275
5282	2	5260
5282	3	5261
5282	4	5262
5282	5	5263
5283	2	5228
5283	3	5229
5283	4	5230
5283	5	5231
5284	2	5232
5284	3	5233
5284	4	5234
5284	5	5235
5285	2	5236
5285	3	5237
5285	4	5238
5285	5	5239
5286	2	5240
5286	3	5241
5286	4	5242
5286	5	5243
5287	2	5244
5287	3	5245
5287	4	5246
5287	5	5247
5288	2	5248
5288	3	5249
5288	4	5250
5288	5	5251
5289	2	5252
5289	3	5253
5289	4	5254
5289	5	5255
5290	2	5256
5290	3	5257
5290	4	5258
5290	5	5259
5291	2	5224
5291	3	5225
5291	4	5226
5291	5	5227
5305	2	5167
5305	3	5168
5305	4	5169
5305	5	5170
5306	2	5172
5306	3	5173
5306	4	5174
5306	5	5175
5307	2	5176
5307	3	5177
5307	4	5178
5307	5	5179
5308	2	5180
5308	3	5181
5308	4	5182
5308	5	5183
5309	2	5184
5309	3	5185
5309	4	5186
5309	5	5187
5310	2	5188
5310	3	5189
5310	4	5190
5310	5	5191
5311	2	5192
5311	3	5193
5311	4	5194
5311	5	5195
5312	2	5111
5312	3	5112
5312	4	5113
5312	5	5114
5313	2	5115
5313	3	5116
5313	4	5117
5313	5	5118
5314	2	5119
5314	3	5120
5314	4	5121
5314	5	5122
5315	2	5107
5315	3	5108
5315	4	5109
5315	5	5110
5316	2	5123
5316	3	5124
5316	4	5125
5316	5	5126
5317	2	5127
5317	3	5128
5317	4	5129
5317	5	5130
5318	2	5163
5318	3	5164
5318	4	5165
5318	5	5166
5319	2	5159
5319	3	5160
5319	4	5161
5319	5	5162
5320	2	5139
5320	3	5140
5320	4	5141
5320	5	5142
5321	2	5143
5321	3	5144
5321	4	5145
5321	5	5146
5322	2	5151
5322	3	5152
5322	4	5153
5322	5	5154
5323	2	5147
5323	3	5148
5323	4	5149
5323	5	5150
5324	2	5155
5324	3	5156
5324	4	5157
5324	5	5158
6112	2	6114
6112	3	6115
6112	4	6116
6112	5	6117
6306	10	6307
6306	100	6308
6306	1000	6309
6306	10000	6310
6319	100	6320
6319	1000	6321
6453	2	6480
6453	3	6481
6453	4	6482
6453	5	6483
6454	2	6484
6454	3	6485
6454	4	6486
6454	5	6487
6455	2	6488
6455	3	6489
6455	4	6490
6455	5	6491
6456	2	6492
6456	3	6493
6456	4	6494
6456	5	6495
6457	2	6496
6457	3	6497
6457	4	6498
6457	5	6499
6458	2	6500
6458	3	6501
6458	4	6502
6458	5	6503
6459	2	6504
6459	3	6505
6459	4	6506
6459	5	6507
6460	2	6508
6460	3	6509
6460	4	6510
6460	5	6511
6529	2	6530
6529	3	6531
6529	4	6532
6529	5	6533
6529	25	6534
7150	2	7151
7150	3	7152
7150	4	7153
7150	5	7154
8851	2	8852
8851	3	8853
8851	4	8854
8851	5	8855
8882	2	8883
8882	3	8884
8882	4	8885
8882	5	8886
8890	2	8891
8890	3	8892
8890	4	8893
8890	5	8894
8890	25	8895
8890	100	8896
8890	250	8897
8890	1000	8898
8890	10000	8899
8951	2	8984
8951	3	8985
9139	2	9146
9139	3	9147
9139	4	9148
9139	5	9149
9140	2	9150
9140	3	9151
9140	4	9152
9140	5	9153
9141	2	9154
9141	3	9155
9141	4	9156
9141	5	9157
9142	2	9158
9142	3	9159
9142	4	9160
9142	5	9161
9143	2	9162
9143	3	9163
9143	4	9164
9143	5	9165
9144	2	9166
9144	3	9167
9144	4	9168
9144	5	9169
9145	2	9170
9145	3	9171
9145	4	9172
9145	5	9173
9187	2	9195
9187	3	9196
9187	4	9197
9187	5	9198
9188	2	9207
9188	3	9208
9188	4	9209
9188	5	9210
9189	2	9211
9189	3	9212
9189	4	9213
9189	5	9214
9190	2	9215
9190	3	9216
9190	4	9217
9190	5	9218
9191	2	9219
9191	3	9220
9191	4	9221
9191	5	9222
9192	2	9223
9192	3	9224
9192	4	9225
9192	5	9226
9193	2	9227
9193	3	9228
9193	4	9229
9193	5	9230
9194	2	9231
9194	3	9232
9194	4	9233
9194	5	9234
9236	2	9246
9236	3	9247
9236	4	9248
9236	5	9249
9237	2	9254
9237	3	9255
9237	4	9256
9237	5	9257
9238	2	9250
9238	3	9251
9238	4	9252
9238	5	9253
9239	2	9258
9239	3	9259
9239	4	9260
9239	5	9261
9240	2	9262
9240	3	9263
9240	4	9264
9240	5	9265
9241	2	9266
9241	3	9267
9241	4	9268
9241	5	9269
9242	2	9270
9242	3	9271
9242	4	9272
9242	5	9273
9243	2	9274
9243	3	9275
9243	4	9276
9243	5	9277
9244	2	9278
9244	3	9279
9244	4	9280
9244	5	9281
9245	2	9282
9245	3	9283
9245	4	9284
9245	5	9285
9286	2	9307
9286	3	9308
9286	4	9309
9286	5	9310
9287	2	9311
9287	3	9312
9287	4	9313
9287	5	9314
9288	2	9315
9288	3	9316
9288	4	9317
9288	5	9318
9289	2	9319
9289	3	9320
9289	4	9321
9289	5	9322
9290	2	9323
9290	3	9324
9290	4	9325
9290	5	9326
9291	2	9327
9291	3	9328
9291	4	9329
9291	5	9330
9292	2	9331
9292	3	9332
9292	4	9333
9292	5	9334
9335	2	9343
9335	3	9344
9335	4	9345
9335	5	9346
9336	2	9347
9336	3	9348
9336	4	9349
9336	5	9350
9337	2	9351
9337	3	9352
9337	4	9353
9337	5	9354
9338	2	9355
9338	3	9356
9338	4	9357
9338	5	9358
9339	2	9359
9339	3	9360
9339	4	9361
9339	5	9362
9340	2	9363
9340	3	9364
9340	4	9365
9340	5	9366
9341	2	9367
9341	3	9368
9341	4	9369
9341	5	9370
9342	2	9371
9342	3	9372
9342	4	9373
9342	5	9374
9375	2	9383
9375	3	9384
9375	4	9385
9375	5	9386
9376	2	9387
9376	3	9388
9376	4	9389
9376	5	9390
9377	2	9391
9377	3	9392
9377	4	9393
9377	5	9394
9378	2	9395
9378	3	9396
9378	4	9397
9378	5	9398
9379	2	9399
9379	3	9400
9379	4	9401
9379	5	9402
9380	2	9403
9380	3	9404
9380	4	9405
9380	5	9406
9381	2	9407
9381	3	9408
9381	4	9409
9381	5	9410
9382	2	9411
9382	3	9412
9382	4	9413
9382	5	9414
9706	2	9709
9706	3	9708
9706	4	9707
9706	5	9710
10167	2	10168
10167	3	10169
10167	4	10170
10476	2	10477
10476	3	10478
10476	4	10479
10476	5	10480
10476	10	10481
10476	25	10482
10476	100	10483
10501	2	10502
10501	3	10503
10501	4	10504
10501	5	10505
10866	2	10867
10866	3	10868
10866	4	10869
10899	2	10900
10899	3	10901
10899	4	10902
10899	5	10903
10904	2	10905
10904	3	10906
10904	4	10907
10904	5	10908
11003	2	11004
11003	5	11005
11205	2	11206
11205	3	11207
11205	4	11208
11205	5	11209
11212	2	11213
11212	3	11214
11212	4	11215
11212	5	11216
11217	2	11218
11217	3	11219
11217	4	11220
11217	5	11221
11222	2	11223
11222	3	11224
11222	4	11225
11222	5	11226
11874	2	4449
11874	3	4451
11874	4	4453
11874	5	4455
11875	2	4036
11875	3	4280
11875	4	4282
11875	5	4296
11876	2	4312
11876	3	4626
11876	4	4706
11876	5	5069
11994	2	3250
11994	3	3252
11994	4	3254
11994	5	3256
12640	2	3955
12640	3	3957
12640	4	3959
12640	5	3961
12934	2	3993
12934	3	3995
12934	4	3997
12934	5	3999
13204	2	3985
13204	3	3987
13204	4	3989
13204	5	3991
13307	2	13308
13307	3	13309
13307	4	13310
13307	5	13311
13307	25	13312
13307	100	13313
13307	250	13314
13307	1000	13315
13307	10000	13316
13657	2	3973
13657	3	3975
13657	4	3977
13657	5	3979
19570	2	3066
19570	3	3068
19570	4	3070
19570	5	3072
19572	2	3074
19572	3	3076
19572	4	3078
19572	5	3082
19574	2	3084
19574	3	3086
19574	4	3088
19574	5	3090
19576	2	3092
19576	3	3242
19576	4	3244
19576	5	3246
19578	2	3248
19578	3	3905
19578	4	3907
19578	5	3909
19580	2	3911
19580	3	3913
19580	4	3915
19580	5	3917
19582	2	3919
19582	3	3921
19582	4	3923
19582	5	3925
19584	2	3927
19584	3	3929
19584	4	3931
19584	5	3933
20527	2	20528
20527	3	20529
20527	4	20530
20527	5	20531
20903	2	10579
20903	3	10577
20903	4	10575
20903	5	10573
20906	2	10580
20906	3	10578
20906	4	10576
20906	5	10574
20909	2	2512
20909	3	599
20909	4	1589
20909	5	2420
21316	2	4000
21316	3	4076
21316	4	4177
21316	5	3902
21326	2	4771
21326	3	4772
21326	4	4769
21326	5	4770
21332	2	4763
21332	3	4764
21332	4	4765
21332	5	4766
21338	2	3951
21338	3	4762
21338	4	4767
21338	5	4768
21352	2	3963
21352	3	3965
21352	4	3967
21352	5	13220
21356	2	10571
21356	3	10572
21356	4	10569
21356	5	10570
21486	2	21492
21486	3	21493
21486	4	21494
21486	5	21495
21488	2	21496
21488	3	21497
21488	4	21498
21488	5	21499
21490	2	21500
21490	3	21501
21490	4	21502
21490	5	21503
21555	2	21557
21555	3	21558
21555	4	21559
21555	5	21560
21555	25	21561
21656	2	21658
21656	3	21659
21656	4	21660
21656	5	21661
21820	2	21822
21820	3	21823
21820	4	21824
21820	5	21825
21905	2	8473
21905	3	8475
21905	4	8477
21905	5	8479
21924	2	8481
21924	3	8483
21924	4	8485
21924	5	8487
21930	2	8465
21930	3	8467
21930	4	8469
21930	5	8471
21932	2	8723
21932	3	8725
21932	4	8727
21932	5	8729
21934	2	8731
21934	3	8733
21934	4	8735
21934	5	8737
21936	2	8739
21936	3	8741
21936	4	8743
21936	5	8745
21938	2	8747
21938	3	8749
21938	4	8751
21938	5	8753
21940	2	8755
21940	3	8757
21940	4	8759
21940	5	8761
21942	2	8763
21942	3	8765
21942	4	8767
21942	5	8769
21944	2	8771
21944	3	8773
21944	4	8775
21944	5	8777
21946	2	1687
21946	3	1688
21946	4	1689
21946	5	1690
21948	2	1691
21948	3	6566
21948	4	19504
21948	5	1668
21950	2	1669
21950	3	1670
21950	4	1671
21950	5	1672
21955	2	8489
21955	3	8491
21955	4	8493
21955	5	8495
21957	2	8651
21957	3	8653
21957	4	8655
21957	5	8657
21959	2	8659
21959	3	8661
21959	4	8663
21959	5	8665
21961	2	8667
21961	3	8669
21961	4	8671
21961	5	8673
21963	2	8675
21963	3	8677
21963	4	8679
21963	5	8681
21965	2	8683
21965	3	8685
21965	4	8687
21965	5	8689
21967	2	8691
21967	3	8693
21967	4	8695
21967	5	8697
21969	2	8699
21969	3	8701
21969	4	8703
21969	5	8705
21971	2	8707
21971	3	8709
21971	4	8711
21971	5	8713
21973	2	8715
21973	3	8717
21973	4	8719
21973	5	8721
22207	2	1652
22207	3	1653
22207	4	6564
22207	5	19499
22227	2	19500
22227	3	1649
22227	4	1650
22227	5	1651
22228	2	21827
22228	3	21830
22228	4	21833
22228	5	21828
22229	2	21831
22229	3	21834
22229	4	6201
22229	5	6203
22230	2	6205
22230	3	6207
22230	4	6381
22230	5	6210
22820	2	22822
22820	3	22823
22820	4	22824
22820	5	22825
22869	2	22905
22869	3	22906
22869	4	22907
22869	5	22908
22871	2	22921
22871	3	22922
22871	4	22923
22871	5	22924
22873	2	22897
22873	3	22898
22873	4	22899
22873	5	22900
22875	2	22925
22875	3	22926
22875	4	22927
22875	5	22928
22877	2	22901
22877	3	22902
22877	4	22903
22877	5	22904
22879	2	22893
22879	3	22894
22879	4	22895
22879	5	22896
22881	2	22909
22881	3	22910
22881	4	22911
22881	5	22912
22883	2	22913
22883	3	22914
22883	4	22915
22883	5	22916
22885	2	22917
22885	3	22918
22885	4	22919
22885	5	22920
22887	2	22889
22887	3	22890
22887	4	22891
22887	5	22892
23083	2	23085
23083	3	23086
23083	4	23087
23083	5	23088
23083	10	23089
23083	20	23090
23490	2	23492
23490	3	22329
23490	4	23493
23490	5	23494
23661	2	23663
23661	3	23664
23661	4	23665
23661	5	23666
23824	2	23825
23824	3	23826
23824	4	23827
23824	5	23828
23824	25	23829
23866	2	23966
23866	3	23967
23866	4	23968
23866	5	23969
23866	25	23970
24711	2	24713
24711	3	24714
24711	4	24715
24711	5	24716
24711	25	24717
25139	2	25141
25139	3	25142
25139	4	25143
25139	5	25144
25527	25	25529
25527	75	25530
25527	125	25531
25527	175	25532
25588	2	9815
25588	3	9816
25588	4	10165
25588	5	10166
25588	6	10601
25588	7	10602
25588	8	10666
25588	9	10669
25676	2	25678
25676	3	25679
25676	4	25680
25676	5	25681
25676	10	25682
25676	25	25683
26792	2	26794
26792	3	26795
26792	4	26796
26792	5	26797
27616	10	27618
27616	50	27619
27616	100	27620
27616	500	27621
27790	2	27792
27790	3	27793
28872	2	28874
28872	3	28875
28872	4	28876
28872	5	28877
28878	2	28880
28878	3	28881
28878	4	28882
28878	5	28883
28924	2	28926
28924	3	28927
28924	4	28928
28991	2	28993
28991	3	28994
28991	4	28995
28991	5	28996
29090	2	29093
29090	3	29094
29090	4	29095
29090	5	29096
29090	25	29097
29311	2	29313
29311	3	29314
29311	4	29315
29311	5	29316
29325	2	29328
29325	3	29329
29325	4	29330
29325	5	29331
29332	2	29334
29332	3	29335
29332	4	29336
29332	5	29337
29449	2	29451
29449	3	29452
29449	4	29453
29449	5	29454
30088	2	30090
30088	3	30091
30088	4	30092
30088	5	30093
